<?xml version="1.0"?>
<subscriptions version="1">
 <subscription event-name="callScene" handler-name="javascript">
    <parameter>
      <parameter name="filename1">/usr/share/dss/add-ons/openhab/openhab.js</parameter>
      <parameter name="script_id">openhab</parameter>
    </parameter>
  </subscription>
  <subscription event-name="undoScene" handler-name="javascript">                  
    <parameter>                                                                    
      <parameter name="filename1">/usr/share/dss/add-ons/openhab/openhab.js</parameter>               
      <parameter name="script_id">openhab</parameter>                         
    </parameter>                                                                   
  </subscription> 
  <subscription event-name="buttonClick" handler-name="javascript">                  
    <parameter>                                                                    
      <parameter name="filename1">/usr/share/dss/add-ons/openhab/openhab.js</parameter>               
      <parameter name="script_id">openhab</parameter>                         
    </parameter>                                                                   
  </subscription>
</subscriptions>
